filename,main_or_appendix,interpretation_role,rows
attenuation_decomposition_rankpct.csv,main,core_or_required_validity_summary,3
attrition_table.csv,main,core_or_required_validity_summary,4
audit_consistency_checks.csv,audit_only,manifest_or_reproducibility_audit,34
balance_hypothesis_tests_by_fba.csv,appendix,overlap_support_detail,10
balance_table_by_fba.csv,appendix,overlap_support_detail,10
binary_top10_fitted_probability_audit_rankpct.csv,appendix,diagnostic_detail_or_redundant_summary,1
binary_top10_prominence_decision_rankpct.csv,main,core_or_required_validity_summary,1
binary_top10_prominence_diagnostics_rankpct.csv,main,core_or_required_validity_summary,5
binary_top10_prominence_inference_rankpct.csv,main,core_or_required_validity_summary,4
binary_top10_prominence_influence_summary_rankpct.csv,appendix,top10_auxiliary_detail,2
binary_top10_prominence_leave_one_rankpct.csv,appendix,top10_auxiliary_detail,158
binary_top10_prominence_models_rankpct.csv,appendix,top10_auxiliary_detail,3
binary_top10_prominence_permutation_rankpct.csv,appendix,top10_auxiliary_detail,1
binary_top10_prominence_placebos_rankpct.csv,appendix,top10_auxiliary_detail,2
binary_top10_prominence_stockout_consistency_rankpct.csv,appendix,top10_auxiliary_detail,2
binary_top10_prominence_threshold_family_rankpct.csv,appendix,top10_auxiliary_detail,5
bounded_outcome_diagnostics_rankpct.csv,main,core_or_required_validity_summary,1
bounded_outcome_method_note_rankpct.csv,appendix,supporting_output,1
chen_tsai_benchmark_mapping.csv,appendix,robustness_or_context_detail,12
cluster_sensitivity_rankpct.csv,main,core_or_required_validity_summary,3
common_support_balance_total_price_rankpct.csv,appendix,overlap_support_detail,6
common_support_nonfba_survivor_profile_rankpct.csv,appendix,overlap_support_detail,1
common_support_residual_gap_rankpct.csv,main,core_or_required_validity_summary,2
cr2_cluster_correction_rankpct.csv,main,core_or_required_validity_summary,1
delivery_support_rankpct.csv,appendix,robustness_or_context_detail,5
delivery_tail_sensitivity_rankpct.csv,appendix,robustness_or_context_detail,3
dynamic_above_below_decomposition_main_rankpct.csv,main,core_or_required_validity_summary,2
dynamic_above_below_decomposition_rankpct.csv,appendix,diagnostic_detail_or_redundant_summary,3
dynamic_above_below_joint_diagnostic_rankpct.csv,appendix,dynamic_mechanism_or_support_detail,1
dynamic_churn_decomposition_rankpct.csv,appendix,dynamic_mechanism_or_support_detail,10
dynamic_churn_decomposition_summary_rankpct.csv,appendix,dynamic_mechanism_or_support_detail,1
dynamic_churn_direction_correlation_rankpct.csv,appendix,dynamic_mechanism_or_support_detail,1
dynamic_clean_turnover_restrictions_rankpct.csv,appendix,dynamic_mechanism_or_support_detail,4
dynamic_consecutive_transition_variation_rankpct.csv,appendix,supporting_output,12
dynamic_conservative_inference_rankpct.csv,appendix,diagnostic_detail_or_redundant_summary,4
dynamic_continuous_heterogeneity_rankpct.csv,appendix,dynamic_mechanism_or_support_detail,3
dynamic_continuous_marginal_effects_rankpct.csv,appendix,dynamic_mechanism_or_support_detail,5
dynamic_cr2_inference_rankpct.csv,appendix,diagnostic_detail_or_redundant_summary,2
dynamic_decision_quantities_rankpct.csv,appendix,supporting_output,1
dynamic_decision_scorecard_rankpct.csv,appendix,supporting_output,8
dynamic_directional_decomposition_decision_rankpct.csv,main,core_or_required_validity_summary,1
dynamic_directional_decomposition_decision_reference_rankpct.csv,appendix,diagnostic_detail_or_redundant_summary,1
dynamic_directional_reference_cr2_reference_rankpct.csv,appendix,diagnostic_detail_or_redundant_summary,2
dynamic_directional_reference_wcb_reference_rankpct.csv,appendix,diagnostic_detail_or_redundant_summary,1
dynamic_distance_banded_turnover_rankpct.csv,main,core_or_required_validity_summary,8
dynamic_dropout_composition_rankpct.csv,appendix,dynamic_mechanism_or_support_detail,2
dynamic_dropout_event_table_rankpct.csv,appendix,dynamic_mechanism_or_support_detail,60
dynamic_dropout_process_rankpct.csv,appendix,dynamic_mechanism_or_support_detail,7
dynamic_dropout_process_summary_rankpct.csv,appendix,dynamic_mechanism_or_support_detail,1
dynamic_dropout_rank_quartile_summary_rankpct.csv,appendix,dynamic_mechanism_or_support_detail,4
dynamic_dropouts_below_decomposition_reference_rankpct.csv,appendix,dynamic_mechanism_or_support_detail,3
dynamic_economic_salience_rankpct.csv,appendix,robustness_or_context_detail,3
dynamic_fba_premium_inference_rankpct.csv,main,core_or_required_validity_summary,4
dynamic_fba_premium_summary_rankpct.csv,main,core_or_required_validity_summary,7
dynamic_hardening_summary_rankpct.csv,appendix,supporting_output,15
dynamic_mde_subgroup_audit_rankpct.csv,appendix,dynamic_mechanism_or_support_detail,9
dynamic_mde_summary_rankpct.csv,main,core_or_required_validity_summary,1
dynamic_mechanism_validation_summary_rankpct.csv,main,core_or_required_validity_summary,17
dynamic_partial_identification_bounds_rankpct.csv,appendix,dynamic_mechanism_or_support_detail,2
dynamic_permutation_placebo_turnover_rankpct.csv,main,core_or_required_validity_summary,1
dynamic_power_audit_rankpct.csv,appendix,diagnostic_detail_or_redundant_summary,9
dynamic_pre_disappearance_smoothness_decision_rankpct.csv,appendix,dynamic_mechanism_or_support_detail,1
dynamic_pre_disappearance_smoothness_rankpct.csv,appendix,dynamic_mechanism_or_support_detail,9
dynamic_rank_tier_stress_diagnostics_rankpct.csv,main,core_or_required_validity_summary,4
dynamic_residual_lag_diagnostic_rankpct.csv,appendix,serial_dependence_inference_audit,1
dynamic_return_pattern_rankpct.csv,appendix,dynamic_mechanism_or_support_detail,4
dynamic_return_pattern_summary_rankpct.csv,appendix,dynamic_mechanism_or_support_detail,1
dynamic_starting_rank_adjustment_diagnostics_rankpct.csv,main,core_or_required_validity_summary,4
dynamic_starting_rank_quartile_support_rankpct.csv,appendix,supporting_output,4
dynamic_stockout_consistency_decision_rankpct.csv,appendix,diagnostic_detail_or_redundant_summary,1
dynamic_stockout_consistency_definitions_rankpct.csv,appendix,dynamic_mechanism_or_support_detail,2
dynamic_stockout_consistency_summary_rankpct.csv,appendix,diagnostic_detail_or_redundant_summary,4
dynamic_stockout_consistent_turnover_rankpct.csv,appendix,diagnostic_detail_or_redundant_summary,6
dynamic_support_mde_audit_rankpct.csv,appendix,diagnostic_detail_or_redundant_summary,9
dynamic_turnover_placebo_decision_rankpct.csv,main,core_or_required_validity_summary,1
dynamic_turnover_placebos_rankpct.csv,appendix,diagnostic_detail_or_redundant_summary,2
dynamic_vacancy_descriptive_rankpct.csv,appendix,dynamic_mechanism_or_support_detail,4
dynamic_vacancy_design_summary_rankpct.csv,appendix,dynamic_mechanism_or_support_detail,1
dynamic_vacancy_effect_translation_rankpct.csv,appendix,dynamic_mechanism_or_support_detail,2
dynamic_vacancy_exposure_distribution_rankpct.csv,appendix,dynamic_mechanism_or_support_detail,6
dynamic_vacancy_identification_logic_rankpct.csv,appendix,dynamic_mechanism_or_support_detail,4
dynamic_vacancy_interpretation_rankpct.csv,appendix,dynamic_mechanism_or_support_detail,5
dynamic_vacancy_models_rankpct.csv,appendix,dynamic_mechanism_or_support_detail,8
dynamic_vacancy_rank_tier_models_rankpct.csv,appendix,dynamic_mechanism_or_support_detail,24
dynamic_vacancy_rank_tier_summary_rankpct.csv,appendix,dynamic_mechanism_or_support_detail,3
dynamic_vacancy_transition_diagnostics_rankpct.csv,appendix,dynamic_mechanism_or_support_detail,1
dynamic_vacancy_transition_summary_rankpct.csv,appendix,dynamic_mechanism_or_support_detail,61
dynamic_wild_cluster_bootstrap_rankpct.csv,appendix,diagnostic_detail_or_redundant_summary,1
dynamic_within_seller_sample_summary_rankpct.csv,appendix,supporting_output,1
dynamic_within_seller_variation_rankpct.csv,appendix,supporting_output,12
dynamic_wooldridge_style_residual_test_rankpct.csv,appendix,serial_dependence_inference_audit,1
econometrics_audit_checks.csv,audit_only,manifest_or_reproducibility_audit,37
econometrics_audit_reconciliation.csv,main,core_or_required_validity_summary,12
effect_translation_rankpct.csv,appendix,robustness_or_context_detail,2
evidence_to_claim_summary.csv,main,core_or_required_validity_summary,21
excluded_interactions_rankpct.csv,appendix,robustness_or_context_detail,1
extended_control_sensitivity_rankpct.csv,appendix,robustness_or_context_detail,5
fast_delivery_imputation_audit.csv,appendix,robustness_or_context_detail,2
fast_delivery_premium_benchmark.csv,appendix,robustness_or_context_detail,3
fast_delivery_premium_sensitivity_rankpct.csv,appendix,robustness_or_context_detail,3
feature_block_wald_tests_rankpct.csv,appendix,robustness_or_context_detail,3
feature_correlation_market_demeaned_rankpct.csv,appendix,robustness_or_context_detail,8
feature_vif_market_demeaned_rankpct.csv,appendix,robustness_or_context_detail,8
final_sample_preview.csv,audit_only,manifest_or_reproducibility_audit,10
fractional_logit_ape_rankpct.csv,main,core_or_required_validity_summary,1
fractional_logit_rankpct.csv,appendix,robustness_or_context_detail,1
functional_form_diagnostics_rankpct.csv,appendix,supporting_output,3
functional_form_fragility_summary_rankpct.csv,main,core_or_required_validity_summary,3
identification_diagnostics.csv,main,core_or_required_validity_summary,11
influence_trimmed_rankpct.csv,appendix,robustness_or_context_detail,1
interaction_interpretation_rankpct.csv,appendix,robustness_or_context_detail,4
interaction_margins_rankpct.csv,appendix,robustness_or_context_detail,12
interaction_support_rankpct.csv,appendix,robustness_or_context_detail,4
interaction_terms_rankpct.csv,appendix,robustness_or_context_detail,8
interpretation_table.csv,main,core_or_required_validity_summary,18
leave_one_cluster_influence_detail_rankpct.csv,appendix,robustness_or_context_detail,181
leave_one_cluster_influence_rankpct.csv,appendix,robustness_or_context_detail,2
logistics_value_adjusted_price_audit_rankpct.csv,appendix,robustness_or_context_detail,6
logistics_value_adjusted_price_design_rank_check_rankpct.csv,appendix,robustness_or_context_detail,3
logistics_value_adjusted_price_results_rankpct.csv,appendix,robustness_or_context_detail,3
logistics_value_adjusted_price_summary_rankpct.csv,appendix,robustness_or_context_detail,3
main_results_market_fe_rankpct.csv,main,core_or_required_validity_summary,4
market_equal_weighted_rankpct.csv,appendix,robustness_or_context_detail,1
market_overlap_summary.csv,appendix,overlap_support_detail,1
missingness_summary.csv,audit_only,manifest_or_reproducibility_audit,26
mundlak_rankpct.csv,appendix,robustness_or_context_detail,1
numerical_pathology_summary.csv,audit_only,manifest_or_reproducibility_audit,14
observation_influence_summary_rankpct.csv,appendix,robustness_or_context_detail,1
omitted_variable_sensitivity_rankpct.csv,appendix,robustness_or_context_detail,1
overlap_balance_summary_rankpct.csv,appendix,overlap_support_detail,32
overlap_balance_tests_rankpct.csv,appendix,overlap_support_detail,256
overlap_design_decision_rankpct.csv,appendix,diagnostic_detail_or_redundant_summary,32
overlap_design_status_summary_rankpct.csv,main,core_or_required_validity_summary,2
overlap_trimmed_estimates_rankpct.csv,appendix,overlap_support_detail,32
price_measure_ols_comparison_rankpct.csv,appendix,robustness_or_context_detail,8
price_order_audit_rankpct.csv,appendix,supporting_output,11
price_order_audit_trace_rankpct.csv,appendix,supporting_output,6
price_threshold_support.csv,appendix,robustness_or_context_detail,4
propensity_overlap_interpretation_rankpct.csv,appendix,overlap_support_detail,6
propensity_overlap_quantiles_rankpct.csv,appendix,overlap_support_detail,16
propensity_overlap_summary_rankpct.csv,appendix,overlap_support_detail,8
rank_summary_by_fba.csv,appendix,robustness_or_context_detail,4
sample_sensitivity_rankpct.csv,appendix,robustness_or_context_detail,4
serial_dependence_claim_implications_rankpct.csv,appendix,serial_dependence_inference_audit,5
serial_dependence_method_note_rankpct.csv,appendix,serial_dependence_inference_audit,3
shipping_support_by_fba.csv,appendix,robustness_or_context_detail,2
spine_table_manifest.csv,audit_only,manifest_or_reproducibility_audit,8
spline_functional_form_sensitivity_rankpct.csv,appendix,robustness_or_context_detail,1
standardized_feature_association_rankpct.csv,appendix,robustness_or_context_detail,8
static_residual_lag_diagnostic_rankpct.csv,appendix,serial_dependence_inference_audit,1
static_wooldridge_style_residual_test_rankpct.csv,appendix,serial_dependence_inference_audit,1
temporal_persistence_by_seller_rankpct.csv,appendix,serial_dependence_inference_audit,13
temporal_stability_rankpct.csv,appendix,robustness_or_context_detail,2
thesis_oster_sensitivity_grid.csv,appendix,robustness_or_context_detail,7
top_feature_correlation_pairs_rankpct.csv,appendix,robustness_or_context_detail,20
top_observation_influence_rankpct.csv,appendix,robustness_or_context_detail,20
turnover_construction_audit.csv,appendix,supporting_output,8
wild_cluster_bootstrap_rankpct.csv,main,core_or_required_validity_summary,1
wild_cluster_bootstrap_sensitivity_rankpct.csv,appendix,supporting_output,1
