leave_one_dimension,dropped_cluster,dropped_observations,dropped_fba_observations,dropped_nonfba_observations,retained_observations,baseline_coef,deleted_cluster_coef,absolute_change,sign_flips_relative_to_baseline,method
market,2022-03-04T18:01:41,90,18,72,5017,-0.05103815170625814,-0.050386993146186776,0.0006511585600713632,False,exact deleted-cluster OLS using within-market transformation recomputed after deletion
market,2022-03-05T12:01:52,90,18,72,5017,-0.05103815170625814,-0.05053481426698081,0.0005033374392773293,False,exact deleted-cluster OLS using within-market transformation recomputed after deletion
market,2022-03-05T18:01:56,90,18,72,5017,-0.05103815170625814,-0.05055466835346184,0.00048348335279629895,False,exact deleted-cluster OLS using within-market transformation recomputed after deletion
market,2022-03-06T12:01:35,91,19,72,5016,-0.05103815170625814,-0.0505689373917762,0.00046921431448193607,False,exact deleted-cluster OLS using within-market transformation recomputed after deletion
market,2022-03-06T18:01:33,91,19,72,5016,-0.05103815170625814,-0.05057012623819057,0.00046802546806756773,False,exact deleted-cluster OLS using within-market transformation recomputed after deletion
market,2022-03-08T12:01:55,90,17,73,5017,-0.05103815170625814,-0.05061363061823454,0.00042452108802359945,False,exact deleted-cluster OLS using within-market transformation recomputed after deletion
market,2022-03-04T12:01:39,88,18,70,5019,-0.05103815170625814,-0.05062279301310918,0.00041535869314895946,False,exact deleted-cluster OLS using within-market transformation recomputed after deletion
market,2022-02-13T12:12:47,72,14,58,5035,-0.05103815170625814,-0.05141749862527445,0.0003793469190163101,False,exact deleted-cluster OLS using within-market transformation recomputed after deletion
market,2022-02-17T18:08:52,80,18,62,5027,-0.05103815170625814,-0.05140334867947327,0.00036519697321513167,False,exact deleted-cluster OLS using within-market transformation recomputed after deletion
market,2022-02-13T18:02:08,73,15,58,5034,-0.05103815170625814,-0.05140007577545069,0.00036192406919255404,False,exact deleted-cluster OLS using within-market transformation recomputed after deletion
market,2022-02-09T12:08:19,78,17,61,5029,-0.05103815170625814,-0.051397905335981764,0.0003597536297236248,False,exact deleted-cluster OLS using within-market transformation recomputed after deletion
market,2022-03-03T12:01:31,90,18,72,5017,-0.05103815170625814,-0.05071131810253199,0.000326833603726151,False,exact deleted-cluster OLS using within-market transformation recomputed after deletion
market,2022-02-23T18:00:00,83,14,69,5024,-0.05103815170625814,-0.051356427593741705,0.0003182758874835656,False,exact deleted-cluster OLS using within-market transformation recomputed after deletion
market,2022-03-08T18:01:44,91,17,74,5016,-0.05103815170625814,-0.05072465103747836,0.0003135006687797759,False,exact deleted-cluster OLS using within-market transformation recomputed after deletion
market,2022-02-19T12:00:00,80,16,64,5027,-0.05103815170625814,-0.05134557129602685,0.0003074195897687093,False,exact deleted-cluster OLS using within-market transformation recomputed after deletion
market,2022-02-19T18:00:00,79,15,64,5028,-0.05103815170625814,-0.051343994184187725,0.0003058424779295854,False,exact deleted-cluster OLS using within-market transformation recomputed after deletion
market,2022-03-02T18:01:41,88,17,71,5019,-0.05103815170625814,-0.05076688968174009,0.0002712620245180486,False,exact deleted-cluster OLS using within-market transformation recomputed after deletion
market,2022-02-14T18:02:15,75,15,60,5032,-0.05103815170625814,-0.05130627694218798,0.00026812523592983917,False,exact deleted-cluster OLS using within-market transformation recomputed after deletion
market,2022-02-12T12:02:21,75,16,59,5032,-0.05103815170625814,-0.051302932671894785,0.0002647809656366462,False,exact deleted-cluster OLS using within-market transformation recomputed after deletion
market,2022-03-07T18:01:43,93,19,74,5014,-0.05103815170625814,-0.05077339050398477,0.00026476120227336697,False,exact deleted-cluster OLS using within-market transformation recomputed after deletion
market,2022-02-21T12:00:00,77,15,62,5030,-0.05103815170625814,-0.05130284412010988,0.00026469241385174147,False,exact deleted-cluster OLS using within-market transformation recomputed after deletion
market,2022-02-21T18:00:00,77,15,62,5030,-0.05103815170625814,-0.05130099913243957,0.000262847426181434,False,exact deleted-cluster OLS using within-market transformation recomputed after deletion
market,2022-02-26T12:01:50,85,13,72,5022,-0.05103815170625814,-0.050787727564151175,0.0002504241421069642,False,exact deleted-cluster OLS using within-market transformation recomputed after deletion
market,2022-02-23T12:00:00,82,14,68,5025,-0.05103815170625814,-0.051284543381974856,0.0002463916757167173,False,exact deleted-cluster OLS using within-market transformation recomputed after deletion
market,2022-03-01T18:01:43,90,17,73,5017,-0.05103815170625814,-0.05079965416341875,0.00023849754283938873,False,exact deleted-cluster OLS using within-market transformation recomputed after deletion
market,2022-02-18T18:04:25,80,17,63,5027,-0.05103815170625814,-0.05127426807711566,0.0002361163708575198,False,exact deleted-cluster OLS using within-market transformation recomputed after deletion
market,2022-02-09T18:02:46,78,17,61,5029,-0.05103815170625814,-0.051272988537815145,0.00023483683155700597,False,exact deleted-cluster OLS using within-market transformation recomputed after deletion
market,2022-02-17T12:02:09,77,17,60,5030,-0.05103815170625814,-0.051272057872210786,0.00023390616595264646,False,exact deleted-cluster OLS using within-market transformation recomputed after deletion
market,2022-03-03T18:07:18,90,18,72,5017,-0.05103815170625814,-0.050804577960152364,0.0002335737461057752,False,exact deleted-cluster OLS using within-market transformation recomputed after deletion
market,2022-03-07T12:02:07,93,19,74,5014,-0.05103815170625814,-0.05080813406413032,0.00023001764212782216,False,exact deleted-cluster OLS using within-market transformation recomputed after deletion
market,2022-02-24T18:04:21,82,13,69,5025,-0.05103815170625814,-0.050811342723129316,0.00022680898312882336,False,exact deleted-cluster OLS using within-market transformation recomputed after deletion
market,2022-02-11T12:02:48,77,17,60,5030,-0.05103815170625814,-0.051257072814343774,0.00021892110808563459,False,exact deleted-cluster OLS using within-market transformation recomputed after deletion
market,2022-02-25T12:03:57,84,13,71,5023,-0.05103815170625814,-0.050821314332705536,0.00021683737355260302,False,exact deleted-cluster OLS using within-market transformation recomputed after deletion
market,2022-02-11T18:02:26,75,17,58,5032,-0.05103815170625814,-0.0512528426802763,0.00021469097401816128,False,exact deleted-cluster OLS using within-market transformation recomputed after deletion
market,2022-02-18T12:03:49,80,17,63,5027,-0.05103815170625814,-0.05125221451797296,0.00021406281171482133,False,exact deleted-cluster OLS using within-market transformation recomputed after deletion
market,2022-02-22T12:00:00,73,14,59,5034,-0.05103815170625814,-0.05125177809778425,0.00021362639152611163,False,exact deleted-cluster OLS using within-market transformation recomputed after deletion
market,2022-02-15T12:02:18,76,15,61,5031,-0.05103815170625814,-0.051249192290033885,0.00021104058377574564,False,exact deleted-cluster OLS using within-market transformation recomputed after deletion
market,2022-03-09T18:02:01,89,16,73,5018,-0.05103815170625814,-0.05083730186171842,0.00020084984453971888,False,exact deleted-cluster OLS using within-market transformation recomputed after deletion
market,2022-02-08T12:07:00,77,16,61,5030,-0.05103815170625814,-0.05123418271507846,0.00019603100882031876,False,exact deleted-cluster OLS using within-market transformation recomputed after deletion
market,2022-02-27T12:01:45,87,15,72,5020,-0.05103815170625814,-0.050867051391302764,0.0001711003149553747,False,exact deleted-cluster OLS using within-market transformation recomputed after deletion
market,2022-02-08T18:05:35,78,16,62,5029,-0.05103815170625814,-0.05120897464213525,0.00017082293587711295,False,exact deleted-cluster OLS using within-market transformation recomputed after deletion
market,2022-02-14T12:02:21,74,16,58,5033,-0.05103815170625814,-0.05120711763452679,0.00016896592826864953,False,exact deleted-cluster OLS using within-market transformation recomputed after deletion
market,2022-02-20T18:00:00,79,16,63,5028,-0.05103815170625814,-0.05120580219081006,0.00016765048455191778,False,exact deleted-cluster OLS using within-market transformation recomputed after deletion
market,2022-02-25T18:03:17,85,13,72,5022,-0.05103815170625814,-0.050875955038441445,0.00016219666781669417,False,exact deleted-cluster OLS using within-market transformation recomputed after deletion
market,2022-02-26T18:01:45,86,14,72,5021,-0.05103815170625814,-0.05088738821159122,0.00015076349466691674,False,exact deleted-cluster OLS using within-market transformation recomputed after deletion
market,2022-02-10T18:03:10,77,17,60,5030,-0.05103815170625814,-0.05118887831386765,0.00015072660760950818,False,exact deleted-cluster OLS using within-market transformation recomputed after deletion
market,2022-02-20T12:00:00,79,16,63,5028,-0.05103815170625814,-0.0511868598174956,0.00014870811123746108,False,exact deleted-cluster OLS using within-market transformation recomputed after deletion
market,2022-02-22T18:00:00,79,14,65,5028,-0.05103815170625814,-0.05089041776834102,0.0001477339379171161,False,exact deleted-cluster OLS using within-market transformation recomputed after deletion
market,2022-02-16T12:04:03,79,16,63,5028,-0.05103815170625814,-0.05118008827310594,0.0001419365668478001,False,exact deleted-cluster OLS using within-market transformation recomputed after deletion
market,2022-02-10T12:02:37,77,17,60,5030,-0.05103815170625814,-0.05117611981640113,0.00013796811014299415,False,exact deleted-cluster OLS using within-market transformation recomputed after deletion
market,2022-02-24T12:00:00,82,14,68,5025,-0.05103815170625814,-0.05090603393288945,0.00013211777336868957,False,exact deleted-cluster OLS using within-market transformation recomputed after deletion
market,2022-02-27T18:47:54,88,15,73,5019,-0.05103815170625814,-0.05091352421896039,0.00012462748729774598,False,exact deleted-cluster OLS using within-market transformation recomputed after deletion
market,2022-02-07T12:05:05,78,16,62,5029,-0.05103815170625814,-0.051161955098036005,0.0001238033917778658,False,exact deleted-cluster OLS using within-market transformation recomputed after deletion
market,2022-02-15T18:02:22,77,15,62,5030,-0.05103815170625814,-0.05115818755083168,0.00012003584457354055,False,exact deleted-cluster OLS using within-market transformation recomputed after deletion
market,2022-03-02T12:01:40,89,17,72,5018,-0.05103815170625814,-0.05092437396401994,0.00011377774223819692,False,exact deleted-cluster OLS using within-market transformation recomputed after deletion
market,2022-02-07T18:09:10,78,16,62,5029,-0.05103815170625814,-0.05113471021968147,9.655851342332822e-05,False,exact deleted-cluster OLS using within-market transformation recomputed after deletion
market,2022-02-16T18:02:12,76,16,60,5031,-0.05103815170625814,-0.05113284672243157,9.469501617342946e-05,False,exact deleted-cluster OLS using within-market transformation recomputed after deletion
market,2022-03-09T12:01:41,90,16,74,5017,-0.05103815170625814,-0.050945153249079,9.299845717913868e-05,False,exact deleted-cluster OLS using within-market transformation recomputed after deletion
market,2022-02-12T18:03:58,74,16,58,5033,-0.05103815170625814,-0.051126347321934884,8.819561567674494e-05,False,exact deleted-cluster OLS using within-market transformation recomputed after deletion
market,2022-02-28T18:01:44,88,16,72,5019,-0.05103815170625814,-0.050978382579827564,5.9769126430575525e-05,False,exact deleted-cluster OLS using within-market transformation recomputed after deletion
market,2022-03-01T12:01:30,90,16,74,5017,-0.05103815170625814,-0.05099649966113018,4.165204512796006e-05,False,exact deleted-cluster OLS using within-market transformation recomputed after deletion
market,2022-02-28T12:01:51,88,15,73,5019,-0.05103815170625814,-0.05101505067668355,2.310102957459037e-05,False,exact deleted-cluster OLS using within-market transformation recomputed after deletion
seller,online_trading_store,28,0,28,5079,-0.05103815170625814,-0.04232425135323692,0.00871390035302122,False,exact deleted-cluster OLS using within-market transformation recomputed after deletion
seller,i_storeparts_srl,62,0,62,5045,-0.05103815170625814,-0.058102667578863954,0.007064515872605814,False,exact deleted-cluster OLS using within-market transformation recomputed after deletion
seller,odiporo_de,62,62,0,5045,-0.05103815170625814,-0.05752456084531321,0.0064864091390550715,False,exact deleted-cluster OLS using within-market transformation recomputed after deletion
seller,albaeleshop,62,0,62,5045,-0.05103815170625814,-0.054625347367066035,0.003587195660807896,False,exact deleted-cluster OLS using within-market transformation recomputed after deletion
seller,solution_4you,27,0,27,5080,-0.05103815170625814,-0.04752509523990439,0.003513056466353748,False,exact deleted-cluster OLS using within-market transformation recomputed after deletion
seller,hamradioshop_srl,62,0,62,5045,-0.05103815170625814,-0.04765095929256935,0.0033871924136887888,False,exact deleted-cluster OLS using within-market transformation recomputed after deletion
seller,leelbox_eu,23,23,0,5084,-0.05103815170625814,-0.05407419977175554,0.0030360480654973987,False,exact deleted-cluster OLS using within-market transformation recomputed after deletion
seller,ovolt,49,0,49,5058,-0.05103815170625814,-0.04820545211860605,0.0028326995876520877,False,exact deleted-cluster OLS using within-market transformation recomputed after deletion
seller,sotelit,30,0,30,5077,-0.05103815170625814,-0.04835177808189817,0.0026863736243599723,False,exact deleted-cluster OLS using within-market transformation recomputed after deletion
seller,fonex_italia,62,0,62,5045,-0.05103815170625814,-0.05355698036520784,0.002518828658949701,False,exact deleted-cluster OLS using within-market transformation recomputed after deletion
seller,new_world_eu_store,62,62,0,5045,-0.05103815170625814,-0.04857605840930079,0.002462093296957346,False,exact deleted-cluster OLS using within-market transformation recomputed after deletion
seller,versao_portatil_nao_enviamos_para_ilhas_portuguesa,62,0,62,5045,-0.05103815170625814,-0.05343183025703596,0.0023936785507778224,False,exact deleted-cluster OLS using within-market transformation recomputed after deletion
seller,bwilld,58,58,0,5049,-0.05103815170625814,-0.04883735653614146,0.002200795170116676,False,exact deleted-cluster OLS using within-market transformation recomputed after deletion
seller,tpc_mobile,62,62,0,5045,-0.05103815170625814,-0.053092998596923124,0.0020548468906649853,False,exact deleted-cluster OLS using within-market transformation recomputed after deletion
seller,macchionishop,31,0,31,5076,-0.05103815170625814,-0.04908392812060125,0.001954223585656889,False,exact deleted-cluster OLS using within-market transformation recomputed after deletion
seller,r_shop360,62,0,62,5045,-0.05103815170625814,-0.05288726166476587,0.001849109958507733,False,exact deleted-cluster OLS using within-market transformation recomputed after deletion
seller,tek4life,62,0,62,5045,-0.05103815170625814,-0.04921166754068107,0.0018264841655770692,False,exact deleted-cluster OLS using within-market transformation recomputed after deletion
seller,euro_dk,62,62,0,5045,-0.05103815170625814,-0.05271045217442083,0.0016723004681626907,False,exact deleted-cluster OLS using within-market transformation recomputed after deletion
seller,lucemania,61,0,61,5046,-0.05103815170625814,-0.04942086490057118,0.0016172868056869572,False,exact deleted-cluster OLS using within-market transformation recomputed after deletion
seller,bacom,62,0,62,5045,-0.05103815170625814,-0.05264320360953434,0.0016050519032762,False,exact deleted-cluster OLS using within-market transformation recomputed after deletion
seller,gioiapura,62,0,62,5045,-0.05103815170625814,-0.05262064970179969,0.0015824979955415541,False,exact deleted-cluster OLS using within-market transformation recomputed after deletion
seller,juke_box,62,0,62,5045,-0.05103815170625814,-0.052608538817638606,0.0015703871113804668,False,exact deleted-cluster OLS using within-market transformation recomputed after deletion
seller,elettronart,58,0,58,5049,-0.05103815170625814,-0.04948559961299287,0.0015525520932652692,False,exact deleted-cluster OLS using within-market transformation recomputed after deletion
seller,oltrade,54,54,0,5053,-0.05103815170625814,-0.04949043351081972,0.001547718195438419,False,exact deleted-cluster OLS using within-market transformation recomputed after deletion
seller,all_in_commerce,58,0,58,5049,-0.05103815170625814,-0.05257166852948997,0.0015335168232318286,False,exact deleted-cluster OLS using within-market transformation recomputed after deletion
seller,to_b_to_c,61,0,61,5046,-0.05103815170625814,-0.049516081486137176,0.0015220702201209635,False,exact deleted-cluster OLS using within-market transformation recomputed after deletion
seller,amco_shop,62,62,0,5045,-0.05103815170625814,-0.052356717440131595,0.0013185657338734558,False,exact deleted-cluster OLS using within-market transformation recomputed after deletion
seller,kemite_electronics_store,48,0,48,5059,-0.05103815170625814,-0.052279722305561216,0.0012415705993030768,False,exact deleted-cluster OLS using within-market transformation recomputed after deletion
seller,monclick,54,0,54,5053,-0.05103815170625814,-0.05225365945171612,0.0012155077454579777,False,exact deleted-cluster OLS using within-market transformation recomputed after deletion
seller,ksl_global_store,62,62,0,5045,-0.05103815170625814,-0.049885582474788914,0.0011525692314692249,False,exact deleted-cluster OLS using within-market transformation recomputed after deletion
seller,excellent_mi_store,62,62,0,5045,-0.05103815170625814,-0.04998294868322117,0.0010552030230369658,False,exact deleted-cluster OLS using within-market transformation recomputed after deletion
seller,buysvip,62,0,62,5045,-0.05103815170625814,-0.05002917582466915,0.0010089758815889915,False,exact deleted-cluster OLS using within-market transformation recomputed after deletion
seller,musicatelli_musicstore,30,0,30,5077,-0.05103815170625814,-0.05003849270683125,0.000999658999426889,False,exact deleted-cluster OLS using within-market transformation recomputed after deletion
seller,yulus,18,0,18,5089,-0.05103815170625814,-0.052011074674033375,0.000972922967775236,False,exact deleted-cluster OLS using within-market transformation recomputed after deletion
seller,carebsrl_it,62,0,62,5045,-0.05103815170625814,-0.05193019402557031,0.0008920423193121696,False,exact deleted-cluster OLS using within-market transformation recomputed after deletion
seller,procomponentes,60,0,60,5047,-0.05103815170625814,-0.05188891954139524,0.0008507678351371006,False,exact deleted-cluster OLS using within-market transformation recomputed after deletion
seller,dagimarket,62,0,62,5045,-0.05103815170625814,-0.051862897626143045,0.0008247459198849061,False,exact deleted-cluster OLS using within-market transformation recomputed after deletion
seller,sld_market_italia,62,0,62,5045,-0.05103815170625814,-0.05185913228690875,0.0008209805806506099,False,exact deleted-cluster OLS using within-market transformation recomputed after deletion
seller,computer_milano,62,0,62,5045,-0.05103815170625814,-0.05022842870082034,0.0008097230054378013,False,exact deleted-cluster OLS using within-market transformation recomputed after deletion
seller,coolibry,40,0,40,5067,-0.05103815170625814,-0.05026603991538625,0.0007721117908718877,False,exact deleted-cluster OLS using within-market transformation recomputed after deletion
seller,novasystem_it,38,0,38,5069,-0.05103815170625814,-0.051770962020123656,0.0007328103138655173,False,exact deleted-cluster OLS using within-market transformation recomputed after deletion
seller,red_tech_gmbh,62,0,62,5045,-0.05103815170625814,-0.05031421628600952,0.0007239354202486226,False,exact deleted-cluster OLS using within-market transformation recomputed after deletion
seller,you_get_innovation_technology,62,0,62,5045,-0.05103815170625814,-0.05036338229650983,0.0006747694097483103,False,exact deleted-cluster OLS using within-market transformation recomputed after deletion
seller,scontolo,62,0,62,5045,-0.05103815170625814,-0.05171199903162804,0.0006738473253699029,False,exact deleted-cluster OLS using within-market transformation recomputed after deletion
seller,vivarek,11,0,11,5096,-0.05103815170625814,-0.05036741559164104,0.0006707361146170987,False,exact deleted-cluster OLS using within-market transformation recomputed after deletion
seller,flash_shopping,43,0,43,5064,-0.05103815170625814,-0.050378869021088124,0.0006592826851700151,False,exact deleted-cluster OLS using within-market transformation recomputed after deletion
seller,techlead_it,29,29,0,5078,-0.05103815170625814,-0.05167779960070501,0.0006396478944468709,False,exact deleted-cluster OLS using within-market transformation recomputed after deletion
seller,xbuyshop,62,0,62,5045,-0.05103815170625814,-0.051670248639451355,0.0006320969331932158,False,exact deleted-cluster OLS using within-market transformation recomputed after deletion
seller,b_bit_informatica,51,0,51,5056,-0.05103815170625814,-0.05165289389629224,0.000614742190034101,False,exact deleted-cluster OLS using within-market transformation recomputed after deletion
seller,goprice,62,0,62,5045,-0.05103815170625814,-0.051622068985971326,0.0005839172797131864,False,exact deleted-cluster OLS using within-market transformation recomputed after deletion
seller,erregame_s_p_a,62,0,62,5045,-0.05103815170625814,-0.0516219280093988,0.0005837763031406595,False,exact deleted-cluster OLS using within-market transformation recomputed after deletion
seller,marra_hi_tech,60,0,60,5047,-0.05103815170625814,-0.050462482064279446,0.0005756696419786933,False,exact deleted-cluster OLS using within-market transformation recomputed after deletion
seller,mobile_world_s_a,48,48,0,5059,-0.05103815170625814,-0.05046529935195443,0.0005728523543037101,False,exact deleted-cluster OLS using within-market transformation recomputed after deletion
seller,sky_line_e_comm,62,62,0,5045,-0.05103815170625814,-0.05046871630962202,0.0005694353966361199,False,exact deleted-cluster OLS using within-market transformation recomputed after deletion
seller,cyuet,62,62,0,5045,-0.05103815170625814,-0.05156881119879164,0.0005306594925335029,False,exact deleted-cluster OLS using within-market transformation recomputed after deletion
seller,welcome_to_mall,58,58,0,5049,-0.05103815170625814,-0.05051898510438174,0.0005191666018763974,False,exact deleted-cluster OLS using within-market transformation recomputed after deletion
seller,nnn_nownextnew,62,0,62,5045,-0.05103815170625814,-0.05055733380583227,0.00048081790042586725,False,exact deleted-cluster OLS using within-market transformation recomputed after deletion
seller,chip_componentes,31,0,31,5076,-0.05103815170625814,-0.05056465871536109,0.0004734929908970509,False,exact deleted-cluster OLS using within-market transformation recomputed after deletion
seller,lby,42,0,42,5065,-0.05103815170625814,-0.05056713013908121,0.00047102156717693244,False,exact deleted-cluster OLS using within-market transformation recomputed after deletion
seller,vipdomo,27,0,27,5080,-0.05103815170625814,-0.05150709956775423,0.000468947861496094,False,exact deleted-cluster OLS using within-market transformation recomputed after deletion
seller,ytnet,62,0,62,5045,-0.05103815170625814,-0.05150378042510839,0.0004656287188502528,False,exact deleted-cluster OLS using within-market transformation recomputed after deletion
seller,happy_home_srl,62,0,62,5045,-0.05103815170625814,-0.05057460951404236,0.0004635421922157823,False,exact deleted-cluster OLS using within-market transformation recomputed after deletion
seller,cre_elettrodomestici_belluno,47,0,47,5060,-0.05103815170625814,-0.05060674347537597,0.00043140823088216873,False,exact deleted-cluster OLS using within-market transformation recomputed after deletion
seller,s_e_m_srl,62,0,62,5045,-0.05103815170625814,-0.051437649218759596,0.0003994975125014566,False,exact deleted-cluster OLS using within-market transformation recomputed after deletion
seller,tienda_siglo_xxi,62,0,62,5045,-0.05103815170625814,-0.05064549519828576,0.0003926565079723776,False,exact deleted-cluster OLS using within-market transformation recomputed after deletion
seller,miranda_electronics,18,18,0,5089,-0.05103815170625814,-0.051376414144530536,0.00033826243827239644,False,exact deleted-cluster OLS using within-market transformation recomputed after deletion
seller,niumi_technology,12,12,0,5095,-0.05103815170625814,-0.050700744857744895,0.0003374068485132442,False,exact deleted-cluster OLS using within-market transformation recomputed after deletion
seller,lick,16,0,16,5091,-0.05103815170625814,-0.05070476126682344,0.0003333904394346998,False,exact deleted-cluster OLS using within-market transformation recomputed after deletion
seller,gory_s_web_shop,62,0,62,5045,-0.05103815170625814,-0.05135117339339618,0.0003130216871380376,False,exact deleted-cluster OLS using within-market transformation recomputed after deletion
seller,triplenetpricing,2,0,2,5105,-0.05103815170625814,-0.051350818012330324,0.0003126663060721846,False,exact deleted-cluster OLS using within-market transformation recomputed after deletion
seller,graphodruck,1,0,1,5106,-0.05103815170625814,-0.05073817639509132,0.0002999753111668224,False,exact deleted-cluster OLS using within-market transformation recomputed after deletion
seller,parsekstore,17,0,17,5090,-0.05103815170625814,-0.05075159565427312,0.00028655605198502077,False,exact deleted-cluster OLS using within-market transformation recomputed after deletion
seller,uniwo_eu,5,5,0,5102,-0.05103815170625814,-0.05075583891718888,0.00028231278906926116,False,exact deleted-cluster OLS using within-market transformation recomputed after deletion
seller,hourshopping,3,0,3,5104,-0.05103815170625814,-0.051291813630489014,0.00025366192423087464,False,exact deleted-cluster OLS using within-market transformation recomputed after deletion
seller,slg_store,34,0,34,5073,-0.05103815170625814,-0.05128982820801531,0.0002516765017571698,False,exact deleted-cluster OLS using within-market transformation recomputed after deletion
seller,dear_mi,19,19,0,5088,-0.05103815170625814,-0.05080531168543834,0.00023284002081980226,False,exact deleted-cluster OLS using within-market transformation recomputed after deletion
seller,xiaomi_home,62,62,0,5045,-0.05103815170625814,-0.05125967736902637,0.00022152566276822938,False,exact deleted-cluster OLS using within-market transformation recomputed after deletion
seller,vertex_s_r_l,22,0,22,5085,-0.05103815170625814,-0.051243831828404196,0.0002056801221460569,False,exact deleted-cluster OLS using within-market transformation recomputed after deletion
seller,cadeau_son,62,0,62,5045,-0.05103815170625814,-0.05084151040379736,0.00019664130246077605,False,exact deleted-cluster OLS using within-market transformation recomputed after deletion
seller,puregaming,47,0,47,5060,-0.05103815170625814,-0.051231196350606134,0.00019304464434799495,False,exact deleted-cluster OLS using within-market transformation recomputed after deletion
seller,fortune_trade,10,10,0,5097,-0.05103815170625814,-0.05084700511551199,0.0001911465907461496,False,exact deleted-cluster OLS using within-market transformation recomputed after deletion
seller,kobert_goods_inkl_widerrufsbelehrung_agb_unter_verkaeufer_hilfe,3,0,3,5104,-0.05103815170625814,-0.05121701532531309,0.00017886361905494752,False,exact deleted-cluster OLS using within-market transformation recomputed after deletion
seller,mr_cartridge,62,0,62,5045,-0.05103815170625814,-0.050868384855193294,0.00016976685106484535,False,exact deleted-cluster OLS using within-market transformation recomputed after deletion
seller,rikillastore,27,0,27,5080,-0.05103815170625814,-0.05120663664748082,0.00016848494122267965,False,exact deleted-cluster OLS using within-market transformation recomputed after deletion
seller,instyleandjoy,62,0,62,5045,-0.05103815170625814,-0.05087118557421644,0.00016696613204170152,False,exact deleted-cluster OLS using within-market transformation recomputed after deletion
seller,zaariogmbh,28,28,0,5079,-0.05103815170625814,-0.05120331671580797,0.00016516500954982805,False,exact deleted-cluster OLS using within-market transformation recomputed after deletion
seller,galvan_center_s_r_l,46,0,46,5061,-0.05103815170625814,-0.05088357073339633,0.0001545809728618064,False,exact deleted-cluster OLS using within-market transformation recomputed after deletion
seller,smartfunk,62,0,62,5045,-0.05103815170625814,-0.05089147345457562,0.00014667825168251936,False,exact deleted-cluster OLS using within-market transformation recomputed after deletion
seller,bartolucci_s_r_l,61,0,61,5046,-0.05103815170625814,-0.050892558176141356,0.00014559353011678322,False,exact deleted-cluster OLS using within-market transformation recomputed after deletion
seller,my_beststore,62,0,62,5045,-0.05103815170625814,-0.051176894872962175,0.0001387431667040362,False,exact deleted-cluster OLS using within-market transformation recomputed after deletion
seller,good_brands_store,62,0,62,5045,-0.05103815170625814,-0.05090210268707296,0.00013604901918518042,False,exact deleted-cluster OLS using within-market transformation recomputed after deletion
seller,luemm_srl,62,0,62,5045,-0.05103815170625814,-0.05090545781716105,0.0001326938890970908,False,exact deleted-cluster OLS using within-market transformation recomputed after deletion
seller,biffidi,14,0,14,5093,-0.05103815170625814,-0.050912008666815334,0.00012614303944280536,False,exact deleted-cluster OLS using within-market transformation recomputed after deletion
seller,untech,62,0,62,5045,-0.05103815170625814,-0.05091506339906693,0.00012308830719121033,False,exact deleted-cluster OLS using within-market transformation recomputed after deletion
seller,mi_world,2,2,0,5105,-0.05103815170625814,-0.050917890837392954,0.00012026086886518517,False,exact deleted-cluster OLS using within-market transformation recomputed after deletion
seller,lux_phonia,9,0,9,5098,-0.05103815170625814,-0.05092433649044431,0.00011381521581382836,False,exact deleted-cluster OLS using within-market transformation recomputed after deletion
seller,crinetech,36,0,36,5071,-0.05103815170625814,-0.05115174291349067,0.00011359120723253291,False,exact deleted-cluster OLS using within-market transformation recomputed after deletion
seller,telcominstrument_mi_life,62,0,62,5045,-0.05103815170625814,-0.05114819340786092,0.00011004170160278104,False,exact deleted-cluster OLS using within-market transformation recomputed after deletion
seller,mottrade,4,4,0,5103,-0.05103815170625814,-0.05114131724128412,0.00010316553502598413,False,exact deleted-cluster OLS using within-market transformation recomputed after deletion
seller,supermedia_spa,62,0,62,5045,-0.05103815170625814,-0.05112689451981045,8.874281355231162e-05,False,exact deleted-cluster OLS using within-market transformation recomputed after deletion
seller,gserviceshop,18,0,18,5089,-0.05103815170625814,-0.051126568482315504,8.841677605736509e-05,False,exact deleted-cluster OLS using within-market transformation recomputed after deletion
seller,housepc,62,0,62,5045,-0.05103815170625814,-0.051106031887497294,6.788018123915496e-05,False,exact deleted-cluster OLS using within-market transformation recomputed after deletion
seller,smakdistribuzioni_com,4,0,4,5103,-0.05103815170625814,-0.05110097728533369,6.282557907555386e-05,False,exact deleted-cluster OLS using within-market transformation recomputed after deletion
seller,onlinestore_italia,62,0,62,5045,-0.05103815170625814,-0.050975730671038555,6.24210352195842e-05,False,exact deleted-cluster OLS using within-market transformation recomputed after deletion
seller,topocentras_eu,55,0,55,5052,-0.05103815170625814,-0.05097883881865363,5.931288760450959e-05,False,exact deleted-cluster OLS using within-market transformation recomputed after deletion
seller,tradeinn,62,0,62,5045,-0.05103815170625814,-0.050991574421831165,4.6577284426974064e-05,False,exact deleted-cluster OLS using within-market transformation recomputed after deletion
seller,dailybefit,1,0,1,5106,-0.05103815170625814,-0.0509933159097542,4.483579650393921e-05,False,exact deleted-cluster OLS using within-market transformation recomputed after deletion
seller,bssdnl,3,0,3,5104,-0.05103815170625814,-0.05100615810945641,3.199359680172709e-05,False,exact deleted-cluster OLS using within-market transformation recomputed after deletion
seller,mi_store_eu,1,1,0,5106,-0.05103815170625814,-0.05106692265907853,2.877095282038944e-05,False,exact deleted-cluster OLS using within-market transformation recomputed after deletion
seller,global_mi,1,1,0,5106,-0.05103815170625814,-0.05101026074852988,2.7890957728260446e-05,False,exact deleted-cluster OLS using within-market transformation recomputed after deletion
seller,tec,62,0,62,5045,-0.05103815170625814,-0.051060942030419776,2.2790324161636732e-05,False,exact deleted-cluster OLS using within-market transformation recomputed after deletion
seller,prime_italia,11,0,11,5096,-0.05103815170625814,-0.0510585815340342,2.0429827776058396e-05,False,exact deleted-cluster OLS using within-market transformation recomputed after deletion
seller,ils_i_love_shopping,1,0,1,5106,-0.05103815170625814,-0.05105324318187465,1.509147561651325e-05,False,exact deleted-cluster OLS using within-market transformation recomputed after deletion
seller,k_x_store,4,4,0,5103,-0.05103815170625814,-0.05105128100422662,1.3129297968483833e-05,False,exact deleted-cluster OLS using within-market transformation recomputed after deletion
seller,red_cat_gmbh,31,0,31,5076,-0.05103815170625814,-0.05102743981944957,1.0711886808567606e-05,False,exact deleted-cluster OLS using within-market transformation recomputed after deletion
seller,mi_smart_living,2,2,0,5105,-0.05103815170625814,-0.05103085857442047,7.293131837671218e-06,False,exact deleted-cluster OLS using within-market transformation recomputed after deletion
seller,party_games,62,0,62,5045,-0.05103815170625814,-0.05103469469694977,3.4570093083718945e-06,False,exact deleted-cluster OLS using within-market transformation recomputed after deletion
seller,groove_to_s_r_l,2,0,2,5105,-0.05103815170625814,-0.051040701346761086,2.549640502946815e-06,False,exact deleted-cluster OLS using within-market transformation recomputed after deletion
seller,la_leoniana,40,0,40,5067,-0.05103815170625814,-0.051038319708372026,1.680021138872334e-07,False,exact deleted-cluster OLS using within-market transformation recomputed after deletion
